layer,accuracy,macro_f1
1,0.6436724565756824,0.639413059559391
2,0.7302729528535981,0.7225349603188402
3,0.7553349875930521,0.7510946977441559
4,0.7660049627791563,0.7598924804758518
5,0.7652605459057072,0.7603304143330759
6,0.7674937965260545,0.76157422096362
7,0.7712158808933003,0.7640144185395448
8,0.7719602977667493,0.7635740317203793
9,0.7650124069478909,0.7553473396464803
10,0.7660049627791563,0.7563306087403568
11,0.7662531017369727,0.7583231474407945
12,0.7694789081885856,0.7637604682702697
