gmb_exit,gmb_ref,delta_gmb,ci_low,ci_high,significant,ci_bonf_low,ci_bonf_high,significant_bonf,seed,depth,layer,ref_layer,n_boot
0.6649241220318411,0.7001578504213875,-0.035233728389546304,-0.10316758727986673,0.03544621355985397,False,-0.12015175101829804,0.05134404506855861,False,0,0%,1,12,2000
0.71941869891384,0.7001578504213875,0.019260848492452576,-0.029953754083380166,0.09229414231341995,False,-0.038308647336111765,0.10987223061152224,False,0,25%,3,12,2000
0.7057357527647367,0.7001578504213875,0.005577902343349206,-0.05055726061584272,0.07637579998812775,False,-0.07194110527415941,0.0950238887513772,False,0,50%,6,12,2000
0.705534403773983,0.7001578504213875,0.00537655335259557,-0.06646120305066669,0.06680501120395496,False,-0.08352207456300513,0.07685247906070941,False,0,75%,9,12,2000
0.6646591466995299,0.7058451507570721,-0.04118600405754225,-0.11530123336782967,0.026099033841585136,False,-0.12800745855303008,0.03954600322490254,False,1,0%,1,12,2000
0.7188836330147391,0.7058451507570721,0.013038482257667017,-0.04344332284544584,0.07842322671406704,False,-0.05444260197842766,0.0922211297802643,False,1,25%,3,12,2000
0.7073984995309592,0.7058451507570721,0.001553348773887131,-0.05500766669996921,0.07030035762590146,False,-0.07573901890008361,0.09083323964664372,False,1,50%,6,12,2000
0.7038180337495422,0.7058451507570721,-0.0020271170075298883,-0.07352511808761276,0.060419172785737586,False,-0.0880928517531997,0.08295721317449202,False,1,75%,9,12,2000
0.6654457838370611,0.701578430377957,-0.036132646540895874,-0.10647223736252592,0.03515710391889951,False,-0.11747888303213469,0.04517646116442554,False,2,0%,1,12,2000
0.7187797810432764,0.701578430377957,0.01720135066531947,-0.0420765533744149,0.10589720608936434,False,-0.06719116800664522,0.14184460575353697,False,2,25%,3,12,2000
0.7033103559849921,0.701578430377957,0.0017319256070351674,-0.05542726739314162,0.06440575786171468,False,-0.06890438462693656,0.09221370421276842,False,2,50%,6,12,2000
0.7005466940557965,0.701578430377957,-0.0010317363221604703,-0.07223263361722725,0.053785008440411834,False,-0.10544109042269541,0.06336588672421721,False,2,75%,9,12,2000
