method,param,avg_exit,saving,acc,f1,gmb
Entropy-based,0.0,22.0,0.0,68.1739,67.8635,65.5471
Entropy-based,0.1,21.8475,0.693,68.0873,67.7328,65.1199
Entropy-based,0.2,21.2051,3.6131,67.9834,67.6229,65.4665
Entropy-based,0.3,19.6604,10.6344,68.1046,67.7403,65.9759
Entropy-based,0.4,16.8378,23.4644,68.7976,68.4336,66.4814
Entropy-based,0.5,12.3954,43.6575,69.9064,69.5241,66.6526
Entropy-based,0.55,9.5703,56.4985,70.6168,70.1612,65.7446
Entropy-based,0.6,6.3877,70.9648,71.3791,70.8751,67.2233
Entropy-based,0.65,3.1727,85.5785,71.535,71.0513,67.668
Entropy-based,0.68,1.5847,92.7967,70.9459,70.4762,67.4415
Entropy-based,0.69,1.18,94.6363,69.9584,69.3689,67.7388
Patience-based,2.0,2.2205,89.9066,71.0845,70.6522,68.9076
Patience-based,3.0,3.6299,83.5003,71.2578,70.8848,67.4018
Patience-based,4.0,5.1542,76.5719,71.3791,70.9934,66.4995
Patience-based,5.0,6.7405,69.3615,71.2405,70.7779,68.0442
Patience-based,6.0,8.2533,62.485,71.2058,70.6941,67.4192
Patience-based,8.0,11.245,48.8865,70.7554,70.168,67.7369
Patience-based,10.0,13.7523,37.4898,70.4608,69.9715,68.2302
Patience-based,12.0,15.8751,27.8405,70.149,69.7439,66.5062
Prototype-based,0.0,1.0,95.4545,69.508,68.8825,69.0716
Prototype-based,0.0005,1.4589,93.3685,69.8891,69.3085,68.988
Prototype-based,0.001,2.4984,88.6435,69.9064,69.3908,68.7082
Prototype-based,0.002,7.2937,66.847,69.6292,69.1209,68.671
Prototype-based,0.003,12.2723,44.2166,69.2134,68.7461,65.12
Prototype-based,0.004,15.684,28.7091,69.0055,68.5484,66.985
Prototype-based,0.005,17.9943,18.2078,68.7283,68.2673,65.6243
Prototype-based,0.0075,21.3041,3.1634,68.0007,67.6288,65.3842
Prototype-based,0.01,21.8716,0.5835,68.0527,67.669,65.4339
Prototype-based,0.025,22.0,0.0,68.1739,67.8635,65.5471
Prototype-based,0.05,22.0,0.0,68.1739,67.8635,65.5471
Prototype-based,0.075,22.0,0.0,68.1739,67.8635,65.5471
Prototype-based,0.1,22.0,0.0,68.1739,67.8635,65.5471
