gmb_exit,gmb_ref,delta_gmb,ci_low,ci_high,significant,ci_bonf_low,ci_bonf_high,significant_bonf,seed,method,param,avg_exit,saving,n_boot
0.6812612719009873,0.7001578504213875,-0.018896578520400165,-0.06835252156412142,0.038922860767326234,False,-0.07828376208572672,0.054526645180181174,False,0,Entropy-based,0.593,5.911642411642411,0.5073631323631325,2000
0.7090166347276304,0.7001578504213875,0.008858784306242984,-0.05639651585956674,0.06876124551192188,False,-0.07827689192466857,0.08056733793194497,False,0,Patience-based,5.0,6.270790020790021,0.4774341649341649,2000
0.7038704592369168,0.7001578504213875,0.0037126088155293724,-0.05612697251924602,0.06891285274537362,False,-0.07453652503735965,0.07721463609286153,False,0,Prototype-based,0.002232,5.986486486486487,0.5011261261261262,2000
0.697052995997134,0.7058451507570721,-0.008792154759938109,-0.06865432766310797,0.0434124432656232,False,-0.09106832627548782,0.051966499083530446,False,1,Entropy-based,0.593,6.121621621621622,0.4898648648648648,2000
0.7104501466350058,0.7058451507570721,0.004604995877933726,-0.03914977444976791,0.05355819950567844,False,-0.05357294513063978,0.05984087486182041,False,1,Patience-based,5.0,6.295218295218295,0.47539847539847535,2000
0.7054683905513862,0.7058451507570721,-0.00037676020568588875,-0.0564730608539702,0.05357080091336898,False,-0.06499048067321768,0.06844161940550234,False,1,Prototype-based,0.002232,5.986486486486487,0.5011261261261262,2000
0.6833587979896657,0.701578430377957,-0.018219632388291274,-0.06460813030217429,0.032490858631100676,False,-0.07977575409358571,0.04237666195699858,False,2,Entropy-based,0.593,5.9495841995842,0.5042013167013166,2000
0.7132977344710155,0.701578430377957,0.011719304093058547,-0.04784725549457115,0.06736386760913778,False,-0.06290587385241996,0.07460426338094574,False,2,Patience-based,5.0,6.26975051975052,0.47752079002078995,2000
0.7024459051690777,0.701578430377957,0.0008674747911207037,-0.05750028528049405,0.05547723200832647,False,-0.06872543934066921,0.061440367269784,False,2,Prototype-based,0.002232,5.986486486486487,0.5011261261261262,2000
